season,full_name,personality_type,order,day,total_votes_received,immunity_idols_obtained,immunity_challenge_wins,reward_challenge_wins,is_winner,season_year
40,Natalie Anderson,ESTP,1,2,11,1,3,2,False,2020
40,Amber Mariano,ISFP,2,3,6,0,1,1,False,2020
40,Danni Boatwright,ENFJ,3,6,8,0,1,0,False,2020
40,Ethan Zohn,ISFP,4,9,4,0,1,0,False,2020
40,Tyson Apostol,ESTP,5,11,12,0,3,4,False,2020
40,Rob Mariano,ESTJ,6,14,4,0,2,1,False,2020
40,Parvati Shallow,ENFJ,7,16,8,0,3,1,False,2020
40,Sandra Diaz-Twine,ESTP,8,16,2,0,4,3,False,2020
40,Yul Kwon,INTJ,9,18,3,0,4,4,False,2020
40,Wendell Holland,INFJ,10,21,14,0,4,4,False,2020
40,Adam Klein,ENTP,11,23,15,0,7,4,False,2020
40,Tyson Apostol,ESTP,12,25,12,0,3,4,False,2020
40,Sophie Clarke,INTJ,13,28,6,0,8,8,False,2020
40,Kim Spradlin-Wolfe,INFJ,14,29,9,1,6,5,False,2020
40,Jeremy Collins,ESTJ,15,31,9,1,5,1,False,2020
40,Nick Wilson,ENTP,16,34,8,1,5,5,False,2020
40,Denise Stapley,INFJ,17,36,18,2,6,2,False,2020
40,Ben Driebergen,ESFP,18,37,7,0,7,6,False,2020
40,Sarah Lacina,ENTJ,19,38,2,0,8,8,False,2020
40,Michele Fitzgerald,ESFP,20,39,6,2,5,4,False,2020
40,Natalie Anderson,ESTP,21,39,11,1,3,2,False,2020
40,Tony Vlachos,ESTP,22,39,0,4,9,3,True,2020
39,Ronnie Bardah,ISTP,1,3,7,0,0,0,False,2019
39,Molly Byman,INTJ,2,6,7,0,1,1,False,2019
39,Vince Moua,ENFP,3,8,7,0,1,1,False,2019
39,Chelsea Walker,ENTP,4,11,6,0,1,1,False,2019
39,Tom Laidlaw,ESFJ,5,14,6,0,1,1,False,2019
39,Jason Linden,ENTP,6,16,6,0,4,5,False,2019
39,Jack Nichting,ENFP,7,19,2,0,4,3,False,2019
39,Kellee Kim,INTP,8,22,8,0,4,3,False,2019
39,Jamal Shipman,ENFJ,9,24,6,0,4,3,False,2019
39,Aaron Meredith,ESTJ,10,27,10,2,5,4,False,2019
39,Missy Byrd,INTJ,11,27,6,0,3,5,False,2019
39,Elizabeth Beisel,ENFJ,12,30,8,0,3,5,False,2019
39,Karishma Patel,INFP,13,32,22,0,2,2,False,2019
39,Elaine Stott,ENFP,14,35,8,1,4,5,False,2019
39,Dan Spilo,ENTJ,15,36,5,0,5,7,False,2019
39,Janet Carbin,ENFJ,16,37,9,0,4,4,False,2019
39,Lauren Beck,ENFP,17,38,1,1,6,7,False,2019
39,Noura Salman,ENFP,18,39,6,3,7,5,False,2019
39,Dean Kowalski,ISTP,19,39,5,2,4,3,False,2019
39,Tommy Sheehan,ENFJ,20,39,4,0,5,9,True,2019
38,Reem Daly,ESTP,1,3,4,0,0,0,False,2019
38,Keith Sowell,INFP,2,6,6,0,0,0,False,2019
38,Chris Underwood,ENTP,3,8,9,1,1,3,True,2019
38,Rick Devens,ENTP,4,11,12,4,5,4,False,2019
38,Aubry Bracco,INFJ,5,13,4,0,4,3,False,2019
38,Wendy Diaz,ENFP,6,16,15,0,1,2,False,2019
38,Joe Anglim,ISFP,7,19,6,0,6,4,False,2019
38,Eric Hafemann,ESTP,8,22,8,0,4,4,False,2019
38,Julia Carter,ESFJ,9,23,9,0,6,5,False,2019
38,David Wright,INFP,10,25,12,0,1,1,False,2019
38,Kelley Wentworth,ENTP,11,27,14,0,1,2,False,2019
38,Dan DaSilva,ENTP,12,29,8,0,1,3,False,2019
38,Ron Clark,UNKNOWN,13,31,2,0,6,5,False,2019
38,Aurora McCreary,ISTP,14,34,12,2,8,5,False,2019
38,Victoria Baamonde,INTP,15,36,2,0,4,5,False,2019
38,Lauren O'Connell,ESFP,16,37,11,0,1,5,False,2019
38,Rick Devens,ENTP,17,38,12,4,5,4,False,2019
38,Julie Rosenberg,ENFP,18,39,1,2,8,8,False,2019
38,Gavin Whitson,ISFJ,19,39,0,2,6,6,False,2019
38,Chris Underwood,ENTP,20,39,9,1,1,3,True,2019
37,Pat Cusack,ESTP,1,3,0,0,0,1,False,2018
37,Jessica Peet,ENFP,2,6,5,0,0,1,False,2018
37,Jeremy Crawford,ENFJ,3,9,9,0,2,2,False,2018
37,Bi Nguyen,ISFP,4,10,0,0,1,2,False,2018
37,Natalia Azoqa,ESTJ,5,11,3,0,2,2,False,2018
37,Natalie Cole,ESTJ,6,15,4,0,2,3,False,2018
37,Lyrsa Torres,ISFP,7,17,9,0,1,4,False,2018
37,Elizabeth Olson,ESTP,8,20,13,0,3,3,False,2018
37,John Hennigan,INFJ,9,22,3,0,5,5,False,2018
37,Dan Rengering,ESFP,10,25,5,1,6,5,False,2018
37,Alec Merlino,ESFP,11,28,9,1,5,6,False,2018
37,Carl Boudreaux,ISFJ,12,30,6,0,3,4,False,2018
37,Gabby Pascuzzi,INFP,13,32,2,0,4,6,False,2018
37,Christian Hubicki,ENFP,14,35,18,1,5,6,False,2018
37,Davie Rickenbacker,ENFP,15,36,7,1,4,7,False,2018
37,Alison Raybould,ENFJ,16,37,13,1,6,6,False,2018
37,Kara Kay,ENFJ,17,38,0,1,5,6,False,2018
37,Angelina Keeley,ENTJ,18,39,6,0,2,6,False,2018
37,Mike White,INFP,19,39,1,1,3,9,False,2018
37,Nick Wilson,ENTP,20,39,0,2,3,8,True,2018
36,Stephanie Gonzalez,ESTJ,1,3,8,0,0,1,False,2018
36,Jacob Derwin,INFP,2,6,5,0,0,1,False,2018
36,Morgan Ricke,ENFP,3,9,4,0,2,1,False,2018
36,Brendan Shapiro,ENFJ,4,12,5,0,1,2,False,2018
36,Stephanie Johnson,ENFP,5,14,7,0,1,2,False,2018
36,James Lim,INTJ,6,17,6,0,2,3,False,2018
36,Bradley Kleihege,ENTJ,7,19,8,0,4,3,False,2018
36,Chris Noble,ESTJ,8,22,10,0,6,4,False,2018
36,Libby Vincek,ESFJ,9,25,8,0,3,5,False,2018
36,Desiree Afuye,ESFP,10,27,10,0,4,2,False,2018
36,Jenna Bowman,ISTJ,11,29,3,0,3,4,False,2018
36,Michael Yerger,INFJ,12,29,15,0,2,3,False,2018
36,Chelsea Townsend,ISFP,13,32,5,2,6,5,False,2018
36,Kellyn Bechtold,ESFJ,14,35,8,1,5,3,False,2018
36,Sebastian Noel,ESFP,15,36,5,0,5,6,False,2018
36,Donathan Hurley,ENFP,16,37,11,0,3,6,False,2018
36,Angela Perkins,ISTJ,17,38,3,1,6,5,False,2018
36,Laurel Johnson,INTP,18,39,2,1,5,6,False,2018
36,Domenick Abbate,ESTP,19,39,2,3,8,6,False,2018
36,Wendell Holland,INFJ,20,39,5,2,8,8,True,2018
35,Katrina Radke,ENFP,1,3,5,0,0,1,False,2017
35,Simone Nguyen,INTP,2,6,5,0,1,0,False,2017
35,Patrick Bolton,ESTP,3,8,5,0,1,0,False,2017
35,Alan Ball,ISTP,4,11,2,0,1,2,False,2017
35,Roark Luskin,ENTP,5,14,3,0,3,2,False,2017
35,Alexandrea Elliott,INFJ,6,16,3,0,2,1,False,2017
35,Jessica Johnston,ENFP,7,19,7,0,5,5,False,2017
35,Desiree Williams,ESFJ,8,21,11,1,5,3,False,2017
35,Cole Medders,ISFP,9,24,7,1,6,7,False,2017
35,John Hilsabeck,ISFP,10,27,6,0,2,5,False,2017
35,Joe Mena,ESTJ,11,30,12,0,4,6,False,2017
35,Lauren Rimmer,ISTJ,12,33,3,1,5,4,False,2017
35,Ashley Nolan,ESFP,13,36,8,2,5,6,False,2017
35,Mike Zahalsky,ENFP,14,37,9,0,5,7,False,2017
35,Devon Pinto,INFJ,15,38,2,0,3,6,False,2017
35,Ryan Ulrich,ENFP,16,39,2,0,2,4,False,2017
35,Chrissy Hofbeck,ENTJ,17,39,7,4,6,8,False,2017
35,Ben Driebergen,ESFP,18,39,11,0,4,7,True,2017
34,Ciera Eastin,INFP,1,3,9,0,0,0,False,2017
34,Tony Vlachos,ESTP,2,6,7,0,0,0,False,2017
34,Caleb Reynolds,ESFP,3,9,5,0,0,0,False,2017
34,Malcolm Freberg,ENTP,4,11,5,0,1,2,False,2017
34,James Thomas Jr.,ESTP,5,13,3,0,3,5,False,2017
34,Sandra Diaz-Twine,ESTP,6,16,5,0,1,3,False,2017
34,Jeff Varner,ENFP,7,18,6,0,1,4,False,2017
34,Hali Ford,INFP,8,21,8,0,3,1,False,2017
34,Oscar Lusth,ISFP,9,24,6,0,4,4,False,2017
34,Debbie Wanner,ENTP,10,26,6,1,6,5,False,2017
34,Zeke Smith,INTP,11,29,11,0,4,5,False,2017
34,Sierra Dawn Thomas,ISFJ,12,32,15,0,5,4,False,2017
34,Andrea Boehlke,ENFP,13,33,14,2,6,7,False,2017
34,Michaela Bradshaw,ISTJ,14,35,10,0,1,4,False,2017
34,Cirie Fields,ENFJ,15,36,0,0,4,4,False,2017
34,Aubry Bracco,INFJ,16,37,9,1,2,7,False,2017
34,Tai Trang,INFP,17,38,12,1,6,4,False,2017
34,Troy Robertson,ESFP,18,39,2,1,3,3,False,2017
34,Brad Culpepper,ESTJ,19,39,2,5,10,7,False,2017
34,Sarah Lacina,ENTJ,20,39,3,0,4,6,True,2017
33,Rachel Ako,ENFP,1,4,5,0,0,0,False,2016
33,Mari Takahashi,ESFP,2,7,7,0,1,1,False,2016
33,Paul Wachter,ESTJ,3,10,6,0,1,1,False,2016
33,Lucy Huang,ISTJ,4,12,2,0,1,2,False,2016
33,Ciandre Taylor,ISFJ,5,15,11,0,1,2,False,2016
33,Jessica Figueroa,ESFP,6,18,6,0,4,2,False,2016
33,Michaela Bradshaw,ISTJ,7,20,4,0,5,4,False,2016
33,Michelle Schubert,INFP,8,23,10,0,5,4,False,2016
33,Taylor Lee Stocker,INFP,9,25,7,0,5,3,False,2016
33,Chris Hammons,ISTJ,10,28,7,0,3,5,False,2016
33,Jessica Lewis,ENFJ,11,30,9,0,3,2,False,2016
33,Zeke Smith,INTP,12,33,14,0,5,6,False,2016
33,Will Wahl,INTP,13,34,6,1,6,5,False,2016
33,Sunday Burquest,ENFJ,14,35,5,0,3,8,False,2016
33,Justin Starrett,ESTP,15,36,10,2,7,5,False,2016
33,Bret LaBelle,ESFJ,16,37,5,0,3,7,False,2016
33,David Wright,INFP,17,38,10,2,5,7,False,2016
33,Hannah Shapiro,ENFP,18,39,13,0,5,5,False,2016
33,Ken McNickle,ISFP,19,39,3,4,7,3,False,2016
33,Adam Klein,ENTP,20,39,6,1,6,5,True,2016
32,Darnell Hamilton,ISFP,1,3,7,0,0,0,False,2016
32,Jennifer Lanzetti,ESTP,2,6,3,0,0,0,False,2016
32,Elisabeth Markham,INTJ,3,8,5,0,1,1,False,2016
32,Caleb Reynolds,ESFP,4,9,0,0,2,2,False,2016
32,Alecia Holden,ESFP,5,11,8,0,0,0,False,2016
32,Anna Khait,ENFP,6,13,5,0,3,3,False,2016
32,Peter Baggenstos,ENTJ,7,16,7,0,2,3,False,2016
32,Neal Gottlieb,INTP,8,19,0,0,4,2,False,2016
32,Nick Maiorano,INTP,9,22,6,1,6,3,False,2016
32,Debbie Wanner,ENTP,10,24,5,0,4,3,False,2016
32,Scot Pollard,ESTJ,11,27,7,0,0,3,False,2016
32,Julia Sokolowski,ENFP,12,29,7,2,5,7,False,2016
32,Kyle Jason,ESTJ,13,32,5,1,3,2,False,2016
32,Joseph Del Campo,ISTJ,14,34,1,0,2,4,False,2016
32,Cydney Gillon,ISTP,15,37,5,1,3,3,False,2016
32,Tai Trang,INFP,16,39,4,1,4,7,False,2016
32,Aubry Bracco,INFJ,17,39,8,0,2,6,False,2016
32,Michele Fitzgerald,ESFP,18,39,1,2,7,6,True,2016
31,Vytas Baskauskas,INFJ,1,3,6,0,0,1,False,2015
31,Shirin Oskooi,ENFP,2,6,5,0,0,1,False,2015
31,Peih-Gee Law,ENTP,3,9,4,0,0,1,False,2015
31,Jeff Varner,ENFP,4,11,4,0,0,1,False,2015
31,Monica Padilla,ENFP,5,13,3,0,6,2,False,2015
31,Terry Deitz,ESTJ,6,13,0,0,4,6,False,2015
31,Yung Hwang,ISFP,7,16,5,0,2,4,False,2015
31,Kassandra McQuillen,INTJ,8,19,6,0,6,7,False,2015
31,Andrew Savage,ESTJ,9,21,4,0,4,6,False,2015
31,Kelly Wiglesworth,ISFP,10,24,8,0,4,3,False,2015
31,Ciera Eastin,INFP,11,26,10,0,6,10,False,2015
31,Stephen Fishbach,INTP,12,29,9,0,7,3,False,2015
31,Joe Anglim,ISFP,13,32,8,4,11,10,False,2015
31,Abi-Maria Gomes,ESFP,14,35,14,0,2,6,False,2015
31,Kimmi Kappenberg,ENFP,15,36,5,0,7,4,False,2015
31,Keith Nale,ISTP,16,37,4,1,8,8,False,2015
31,Kelley Wentworth,ENTP,17,38,17,2,7,7,False,2015
31,Spencer Bledsoe,INTJ,18,39,11,3,7,4,False,2015
31,Latasha Fox,ENFJ,19,39,8,0,5,7,False,2015
31,Jeremy Collins,ESTJ,20,39,3,1,8,3,True,2015
30,So Kim,INTJ,1,3,4,0,0,0,False,2015
30,Vince Sly,INFP,2,6,3,0,1,1,False,2015
30,Nina Poersch,ISFJ,3,8,4,0,1,1,False,2015
30,Lindsey Cascaddan,ENFP,4,11,5,0,1,1,False,2015
30,Max Dawson,ENTP,5,14,5,0,2,2,False,2015
30,Joaquin Souberbielle,ISTP,6,16,4,0,3,3,False,2015
30,Kelly Remington,ISTJ,7,19,4,0,2,2,False,2015
30,Hali Ford,INFP,8,22,8,0,3,3,False,2015
30,Joe Anglim,ISFP,9,24,8,2,5,4,False,2015
30,Jenn Brown,ESTP,10,27,18,0,3,3,False,2015
30,Shirin Oskooi,ENFP,11,29,7,0,3,5,False,2015
30,Tyler Fredrickson,ENFP,12,32,5,1,4,6,False,2015
30,Dan Foley,ESTJ,13,35,9,0,2,4,False,2015
30,Sierra Dawn Thomas,ISFJ,14,37,6,0,2,4,False,2015
30,Rodney Lavoie Jr.,ESTJ,15,38,5,0,2,2,False,2015
30,Will Sims II,ISFP,16,39,4,0,3,6,False,2015
30,Carolyn Rivera,ENTP,17,39,9,2,5,7,False,2015
30,Mike Holloway,ESTP,18,39,4,5,7,6,True,2015
29,Nadiya Anderson,ESFP,1,3,5,0,0,0,False,2014
29,Val Collins,INTJ,2,6,9,0,0,0,False,2014
29,John Rocker,ESTP,3,8,5,0,0,0,False,2014
29,Drew Christy,ESTP,4,10,5,0,3,0,False,2014
29,Kelley Wentworth,ENTP,5,13,4,0,3,0,False,2014
29,Dale Wentworth,ISTJ,6,15,8,0,1,0,False,2014
29,Julie McGee,ISFP,7,18,2,0,5,1,False,2014
29,Josh Canfield,INFJ,8,21,6,0,3,0,False,2014
29,Jeremy Collins,ESTJ,9,24,5,1,6,2,False,2014
29,Wes Nale,ISTP,10,26,2,0,3,2,False,2014
29,Reed Kelly,ENTJ,11,29,10,1,6,3,False,2014
29,Alec Christy,ISFP,12,32,4,0,3,2,False,2014
29,Jon Misch,ESFP,13,35,8,1,4,3,False,2014
29,Baylor Wilson,ESFP,14,37,17,1,2,2,False,2014
29,Keith Nale,ISTP,15,38,16,3,6,3,False,2014
29,Missy Payne,ESFJ,16,39,3,0,3,2,False,2014
29,Jaclyn Schultz,ESFP,17,39,6,1,2,2,False,2014
29,Natalie Anderson,ESTP,18,39,0,1,6,3,True,2014
28,David Samson,ENTJ,1,3,4,0,0,0,False,2014
28,Garrett Adelstein,INTP,2,6,3,0,0,0,False,2014
28,Brice Johnston,ENFP,3,8,5,0,1,1,False,2014
28,J'Tia Taylor,ENTJ,4,11,7,0,0,0,False,2014
28,Cliff Robinson,ISTP,5,14,4,0,5,7,False,2014
28,Lindsey Ogle,ESFP,6,14,0,0,5,7,False,2014
28,Alexis Maxwell,ENFP,7,16,8,0,4,2,False,2014
28,Sarah Lacina,ENTJ,8,19,6,0,5,3,False,2014
28,Morgan McLeod,ISFP,9,22,8,0,4,3,False,2014
28,LJ McKanas,ISTP,10,25,8,0,5,8,False,2014
28,Jeremiah Wood,ISFP,11,28,9,0,4,5,False,2014
28,Jefra Bland,ISFJ,12,30,9,0,5,9,False,2014
28,Latasha Fox,ENFJ,13,33,4,3,5,1,False,2014
28,Trish Hegarty,ENFJ,14,36,5,0,6,9,False,2014
28,Spencer Bledsoe,INTJ,15,37,8,3,5,4,False,2014
28,Kassandra McQuillen,INTJ,16,38,2,1,3,1,False,2014
28,Yung Hwang,ISFP,17,39,4,1,7,9,False,2014
28,Tony Vlachos,ESTP,18,39,5,0,6,10,True,2014
27,Laura Boneham,UNKNOWN,1,1,10,0,2,1,False,2013
27,Candice Cody,ISTJ,2,1,5,0,0,0,False,2013
27,Rupert Boneham,ESFJ,3,1,0,0,0,0,False,2013
27,Marissa Peterson,ESTJ,4,3,10,0,0,0,False,2013
27,Rachel Foulger,ISFJ,5,6,5,0,0,0,False,2013
27,Colton Cumbie,ESFP,6,7,0,0,3,2,False,2013
27,John Cody,ISFJ,7,8,8,0,0,0,False,2013
27,Brad Culpepper,ESTJ,8,10,7,0,0,0,False,2013
27,Laura Morett,ENFJ,9,13,19,0,5,5,False,2013
27,Kat Edorsson,ENFP,10,16,5,0,5,4,False,2013
27,Laura Boneham,UNKNOWN,11,18,10,0,2,1,False,2013
27,Aras Baskauskas,INFP,12,21,7,0,7,6,False,2013
27,Vytas Baskauskas,INFJ,13,22,10,1,2,1,False,2013
27,Tina Wesson,ESFJ,14,24,10,0,5,4,False,2013
27,Laura Morett,ENFJ,15,26,19,0,5,5,False,2013
27,Caleb Bankston,ISTP,16,29,4,0,3,3,False,2013
27,Katie Collins,INTP,17,32,4,1,2,2,False,2013
27,Hayden Moss,ESFP,18,35,8,0,3,5,False,2013
27,Ciera Eastin,INFP,19,37,14,1,4,5,False,2013
27,Tina Wesson,ESFJ,20,38,10,0,5,4,False,2013
27,Gervase Peterson,ESTP,21,39,6,1,8,8,False,2013
27,Monica Culpepper,ESFJ,22,39,6,3,8,5,False,2013
27,Tyson Apostol,ESTP,23,39,2,2,9,6,True,2013
26,Francesca Hogi,INFJ,1,3,6,0,0,1,False,2013
26,Alexandra Pohevitz,ESTP,2,5,6,0,1,0,False,2013
26,Hope Driskill,ISFP,3,7,8,0,1,0,False,2013
26,Shamar Thomas,INFP,4,10,8,0,1,0,False,2013
26,Laura Alexander,ENTP,5,10,6,0,1,0,False,2013
26,Brandon Hantz,ESFP,6,13,8,0,6,6,False,2013
26,Matt Bischoff,INFP,7,16,4,0,2,0,False,2013
26,Julia Landauer,ISTJ,8,19,9,0,2,0,False,2013
26,Corinne Kaplan,ENTJ,9,22,7,0,6,6,False,2013
26,Michael Snow,INFJ,10,25,10,0,2,1,False,2013
26,Phillip Sheppard,ESTJ,11,28,5,0,6,7,False,2013
26,Malcolm Freberg,ENTP,12,30,11,0,8,7,False,2013
26,Reynold Toepfer,ESTP,13,31,9,1,5,3,False,2013
26,Andrea Boehlke,ENFP,14,33,13,1,9,8,False,2013
26,Brenda Lowe,INTJ,15,36,5,1,9,8,False,2013
26,Erik Reichenbach,INTP,16,36,2,1,9,10,False,2013
26,Edward Fox,ESFP,17,38,16,0,4,3,False,2013
26,Sherri Biethman,ESFJ,18,39,6,0,4,1,False,2013
26,Dawn Meehan,ESFJ,19,39,2,1,7,7,False,2013
26,John Cochran,INTP,20,39,0,4,10,10,True,2013
25,Zane Knight,ENTP,1,3,5,0,0,0,False,2012
25,Roxanne Morris,ESFP,2,6,4,0,0,0,False,2012
25,Angie Layton,INFP,3,8,4,0,0,0,False,2012
25,Russell Swan,ESFJ,4,10,4,0,0,0,False,2012
25,Dana Lambert,ISTP,5,12,0,0,2,2,False,2012
25,Sarah Dawson,ENFP,6,13,5,0,2,2,False,2012
25,Katie Hanson,ENTP,7,16,4,0,2,3,False,2012
25,Roberta Saint-Amour,ENTJ,8,19,4,0,5,4,False,2012
25,Jeff Kent,ISTP,9,22,5,0,2,4,False,2012
25,Artis Silvester,ISTJ,10,25,5,0,5,4,False,2012
25,Peter Yurkowski,INTP,11,27,9,0,5,5,False,2012
25,Jonathan Penner,ENTP,12,30,14,1,3,5,False,2012
25,Carter Williams,ISFP,13,33,5,2,4,5,False,2012
25,Abi-Maria Gomes,ESFP,14,36,9,0,5,5,False,2012
25,Malcolm Freberg,ENTP,15,38,6,2,5,8,False,2012
25,Lisa Whelchel,INFP,16,39,0,0,5,7,False,2012
25,Michael Skupin,ESFJ,17,39,0,2,7,6,False,2012
25,Denise Stapley,INFJ,18,39,6,1,1,3,True,2012
24,Kourtney Moon,ISFP,1,3,0,0,0,0,False,2012
24,Nina Acosta,ISTJ,2,5,6,0,0,0,False,2012
24,Matt Quinlan,ENTJ,3,8,10,0,2,2,False,2012
24,Bill Posley,ENFP,4,11,8,0,3,2,False,2012
24,Monica Culpepper,ESFJ,5,14,5,0,2,2,False,2012
24,Colton Cumbie,ESFP,6,16,1,0,3,2,False,2012
24,Jonas Otsuji,ENTP,7,20,10,0,3,2,False,2012
24,Michael Jefferson,ISTJ,8,22,9,0,4,5,False,2012
24,Jay Byars,ISFP,9,25,5,1,5,6,False,2012
24,Leif Manson,ISFP,10,27,5,0,3,3,False,2012
24,Troy Robertson,ESFP,11,30,6,2,6,6,False,2012
24,Kat Edorsson,ENFP,12,33,7,0,3,6,False,2012
24,Greg Smith,INTP,13,36,16,0,3,3,False,2012
24,Alicia Rosa,ESTJ,14,37,5,1,3,6,False,2012
24,Christina Cha,INFP,15,38,9,0,2,4,False,2012
24,Chelsea Meissner,ISFP,16,39,4,1,4,7,False,2012
24,Sabrina Thompson,ENFJ,17,39,2,0,3,7,False,2012
24,Kim Spradlin,INFJ,18,39,3,4,7,8,True,2012
23,Semhar Tadesse,ENFP,1,3,8,0,0,0,False,2011
23,Christine Shields Markoski,ESTP,2,5,4,0,1,0,False,2011
23,Mark Caruso,ESFJ,3,8,6,0,1,1,False,2011
23,Stacey Powell,ISTJ,4,11,10,0,2,1,False,2011
23,Elyse Umemoto,ENFP,5,14,3,0,2,2,False,2011
23,Mikayla Wingle,ISFP,6,16,4,0,3,2,False,2011
23,Oscar Lusth,ISFP,7,18,17,2,5,4,False,2011
23,Keith Tollefson,ISFP,8,21,12,0,3,3,False,2011
23,Oscar Lusth,ISFP,9,22,17,2,5,4,False,2011
23,Jim Rice,ENTP,10,24,8,1,4,3,False,2011
23,Dawn Meehan,ESFJ,11,27,16,1,4,3,False,2011
23,Whitney Duncan,ESFP,12,27,14,1,4,3,False,2011
23,John Cochran,INTP,13,30,14,0,3,3,False,2011
23,Edna Ma,ISTJ,14,32,17,0,4,3,False,2011
23,Brandon Hantz,ESFP,15,35,4,1,5,4,False,2011
23,Rick Nelson,ISFJ,16,37,15,0,4,4,False,2011
23,Oscar Lusth,ISFP,17,38,17,2,5,4,False,2011
23,Albert Destrade,ENTJ,18,39,1,1,5,3,False,2011
23,Benjamin Wade,ENFJ,19,39,0,1,5,4,False,2011
23,Sophie Clarke,INTJ,20,39,5,3,7,3,True,2011
22,Francesca Hogi,INFJ,1,3,4,0,0,0,False,2011
22,Matt Elrod,INFP,2,5,10,0,4,10,False,2011
22,Russell Hantz,ESTJ,3,8,8,0,2,0,False,2011
22,Kristina Kell,INTP,4,11,9,0,1,0,False,2011
22,Krista Klumpp,ISFP,5,13,6,0,3,0,False,2011
22,Stephanie Valencia,ESFP,6,16,8,0,3,0,False,2011
22,Sarita White,INTP,7,18,6,0,3,0,False,2011
22,Matt Elrod,INFP,8,21,10,0,4,10,False,2011
22,Mike Chiesl,ISFJ,9,22,6,0,3,4,False,2011
22,David Murphy,INTJ,10,24,8,0,3,0,False,2011
22,Julie Wolfe,ISTJ,11,27,6,0,3,0,False,2011
22,Ralph Kiser,ESTP,12,30,16,0,3,1,False,2011
22,Steve Wright,ISFJ,13,30,15,0,3,0,False,2011
22,Andrea Boehlke,ENFP,14,32,9,1,5,2,False,2011
22,Grant Mattos,ISFP,15,35,11,2,6,0,False,2011
22,Andrea Boehlke,ENFP,16,37,9,1,5,2,False,2011
22,Ashley Underwood,ESTP,17,38,3,2,6,0,False,2011
22,Natalie Tenerelli,ISFP,18,39,1,1,5,0,False,2011
22,Phillip Sheppard,ESTJ,19,39,17,0,4,0,False,2011
22,Rob Mariano,ESTJ,20,39,9,4,8,0,True,2011
21,Wendy-Jo DeSmidt-Kohlhoff,ISFP,1,3,9,0,0,0,False,2010
21,Shannon Elkins,ESTJ,2,6,7,0,1,0,False,2010
21,Jimmy Johnson,ESFJ,3,8,8,0,1,1,False,2010
21,James Tarantino,ESTP,4,11,5,0,1,1,False,2010
21,Tyrone Davis,ESTJ,5,14,6,0,1,2,False,2010
21,Kelly Bruno,ISFP,6,15,16,0,4,2,False,2010
21,Yve Rojas,ISFJ,7,15,13,0,1,2,False,2010
21,Jill Behm,ISTJ,8,18,3,1,3,2,False,2010
21,Alina Wilson,INFP,9,22,10,0,4,4,False,2010
21,Marty Piombo,ENTJ,10,24,19,0,2,2,False,2010
21,Brenda Lowe,INTJ,11,27,15,1,5,2,False,2010
21,NaOnka Mixon,ESTP,12,28,3,0,4,6,False,2010
21,Kelly Shinn,ENFP,13,28,0,0,4,3,False,2010
21,Ben Henry,ESTP,14,32,5,0,4,6,False,2010
21,Jane Bright,ISTP,15,36,11,2,4,3,False,2010
21,Dan Lembo,ISTP,16,37,10,0,2,5,False,2010
21,Holly Hoffman,ENFJ,17,38,4,1,3,6,False,2010
21,Matthew Lenahan,ENTJ,18,39,2,1,5,4,False,2010
21,Chase Rice,ISFP,19,39,1,0,4,8,False,2010
21,Jud Birza,ESFP,20,39,2,4,8,4,True,2010
20,Jessica Kiper,ENFP,1,3,9,0,0,1,False,2010
20,Stephenie LaGrossa,ESTJ,2,6,6,0,0,1,False,2010
20,Randy Bailey,INTJ,3,8,9,0,2,1,False,2010
20,Cirie Fields,ENFJ,4,11,3,0,1,2,False,2010
20,Tom Westman,ESTJ,5,14,8,0,1,2,False,2010
20,Tyson Apostol,ESTP,6,15,6,0,4,3,False,2010
20,James Clement,ISTP,7,15,12,0,1,2,False,2010
20,Rob Mariano,ESTJ,8,18,5,1,5,4,False,2010
20,Benjamin Wade,ENFJ,9,21,4,0,4,3,False,2010
20,Courtney Yates,ENTP,10,24,9,0,4,4,False,2010
20,James Thomas Jr.,ESTP,11,27,5,0,4,4,False,2010
20,Amanda Kimmel,ISFP,12,30,10,0,4,5,False,2010
20,Candice Woodcock,ISTJ,13,31,5,1,5,4,False,2010
20,Danielle DiLorenzo,ESFP,14,33,4,1,5,5,False,2010
20,Rupert Boneham,ESFJ,15,36,10,0,4,4,False,2010
20,Colby Donaldson,ISTP,16,37,8,0,4,5,False,2010
20,Jerri Manthey,ESFP,17,38,9,1,5,5,False,2010
20,Russell Hantz,ESTJ,18,39,7,2,6,4,False,2010
20,Parvati Shallow,ENFJ,19,39,12,3,7,5,False,2010
20,Sandra Diaz-Twine,ESTP,20,39,3,0,4,5,True,2010
19,Marisa Calihan,INFP,1,3,7,0,0,1,False,2009
19,Mike Borassi,ESTP,2,5,0,0,0,1,False,2009
19,Betsy Bolan,ESTJ,3,6,7,0,0,1,False,2009
19,Ben Browning,ESTP,4,8,7,0,0,1,False,2009
19,Yasmin Giles,ESFP,5,11,8,0,4,4,False,2009
19,Ashley Trainer,ENFP,6,14,9,0,1,1,False,2009
19,Russell Swan,ESFJ,7,15,0,0,5,5,False,2009
19,Elizabeth Kim,INTP,8,18,5,0,1,1,False,2009
19,Erik Cardona,ENTP,9,21,10,0,6,6,False,2009
19,Kelly Sharbaugh,ISFP,10,24,4,0,6,7,False,2009
19,Laura Morett,ENFJ,11,27,10,2,8,7,False,2009
19,John Fincher,INTP,12,30,7,1,7,7,False,2009
19,Dave Ball,INTP,13,31,8,0,6,8,False,2009
19,Monica Padilla,ENFP,14,33,7,0,6,7,False,2009
19,Shannon Waters,ESFP,15,36,6,0,6,8,False,2009
19,Jaison Robinson,INTJ,16,37,7,2,3,2,False,2009
19,Brett Clouser,ISFP,17,38,3,3,9,7,False,2009
19,Mick Trimming,INTP,18,39,4,1,2,1,False,2009
19,Russell Hantz,ESTJ,19,39,6,0,1,1,False,2009
19,Natalie White,ISFJ,20,39,8,0,1,2,True,2009
18,Carolina Eastwood,ESTJ,1,3,7,0,0,0,False,2009
18,Candace Smith,ISTJ,2,6,7,0,1,1,False,2009
18,Jerry Sims,ISTJ,3,9,6,0,1,1,False,2009
18,Sandy Burgin,ESFP,4,12,6,0,2,3,False,2009
18,Spencer Duhm,INFP,5,15,5,0,2,4,False,2009
18,Sydney Wheeler,ISFP,6,18,4,0,2,4,False,2009
18,Joe Dowdle,ISTJ,7,20,1,0,2,4,False,2009
18,Brendan Synnott,ENTP,8,24,4,0,4,3,False,2009
18,Tyson Apostol,ESTP,9,27,5,2,6,3,False,2009
18,Sierra Reed,INFP,10,30,11,0,4,2,False,2009
18,Debra Beebe,ESFJ,11,33,6,1,5,4,False,2009
18,Benjamin Wade,ENFJ,12,36,6,1,5,2,False,2009
18,Tamara Johnson-George,ENFJ,13,37,7,0,2,5,False,2009
18,Erinn Lobdell,ENFP,14,38,5,0,4,3,False,2009
18,Stephen Fishbach,INTP,15,39,1,1,3,6,False,2009
18,James Thomas Jr.,ESTP,16,39,0,2,4,8,True,2009
17,Michelle Chase,INTP,1,3,8,0,0,0,False,2008
17,Gillian Larson,ENFP,2,6,8,0,0,0,False,2008
17,Paloma Soto-Castillo,ENFP,3,9,7,0,2,2,False,2008
17,Jacquie Berg,ENFJ,4,12,5,0,2,2,False,2008
17,Danny Brown,INFP,5,15,6,1,2,1,False,2008
17,Kelly Czarnecki,INFP,6,18,8,0,2,2,False,2008
17,Ace Gordon,INTJ,7,21,8,0,2,2,False,2008
17,Dan Kay,ISFP,8,21,8,0,4,5,False,2008
17,Marcus Lehman,ENTJ,9,24,3,2,7,6,False,2008
17,Charlie Herschel,ENFP,10,27,5,0,6,6,False,2008
17,Randy Bailey,INTJ,11,30,5,0,5,5,False,2008
17,Corinne Kaplan,ENTJ,12,33,4,0,6,6,False,2008
17,Crystal Cox,ESFP,13,36,13,0,1,2,False,2008
17,Ken Hoang,INTP,14,37,7,1,2,2,False,2008
17,Matty Whitmore,ESFP,15,38,7,0,2,1,False,2008
17,Jessica Kiper,ENFP,16,39,0,1,4,2,False,2008
17,Susie Smith,ISFJ,17,39,10,2,6,5,False,2008
17,Robert Crowley,INTP,18,39,2,3,8,8,True,2008
16,Jonny Fairplay,ENTP,1,3,9,0,0,0,False,2008
16,Mary Sartain,ISFJ,2,6,6,0,1,1,False,2008
16,Yau-Man Chan,INTP,3,8,6,0,1,2,False,2008
16,Michael Bortone,ENTP,4,11,6,0,2,1,False,2008
16,Joel Anderson,ESTJ,5,14,6,0,2,1,False,2008
16,Jonathan Penner,ENTP,6,15,0,0,4,5,False,2008
16,Chet Welch,INFP,7,17,12,0,2,1,False,2008
16,Kathleen Sleckman,ENFP,8,19,0,0,6,4,False,2008
16,Tracy Hughes-Wolf,ENFJ,9,20,7,0,2,3,False,2008
16,Ami Cusack,ENTJ,10,21,4,0,2,5,False,2008
16,Eliza Orlins,ENTJ,11,24,8,0,8,7,False,2008
16,Oscar Lusth,ISFP,12,27,9,0,2,6,False,2008
16,Jason Siska,ESFP,13,30,8,1,9,6,False,2008
16,James Clement,ISTP,14,31,3,0,8,7,False,2008
16,Alexis Jones,ENFJ,15,33,2,0,8,7,False,2008
16,Erik Reichenbach,INTP,16,36,7,4,6,5,False,2008
16,Natalie Bolton,INTJ,17,37,3,0,8,7,False,2008
16,Cirie Fields,ENFJ,18,38,3,0,2,7,False,2008
16,Amanda Kimmel,ISFP,19,39,4,1,3,7,False,2008
16,Parvati Shallow,ENFJ,20,39,4,1,9,7,True,2008
15,Steve Morris,ISFP,1,3,5,0,0,0,False,2007
15,Ashley Massaro,ESFP,2,6,8,0,0,0,False,2007
15,Leslie Nease,ENFP,3,9,6,0,2,2,False,2007
15,Dave Cruser,ESTP,4,12,6,0,1,1,False,2007
15,Aaron Reisberger,ISTJ,5,15,3,0,3,3,False,2007
15,Sherea Lloyd,ESFP,6,18,6,0,2,2,False,2007
15,Jaime Dugan,ESFJ,7,21,7,0,2,1,False,2007
15,Jean-Robert Bellande,INTP,8,24,12,0,4,5,False,2007
15,Michael Zernow,ESFP,9,27,7,1,3,3,False,2007
15,James Clement,ISTP,10,30,9,0,4,4,False,2007
15,Erik Huffman,ISFP,11,33,5,1,3,3,False,2007
15,Peih-Gee Law,ENTP,12,36,8,0,2,2,False,2007
15,Denise Martin,ISFP,13,38,3,0,4,7,False,2007
15,Amanda Kimmel,ISFP,14,39,0,2,6,9,False,2007
15,Courtney Yates,ENTP,15,39,0,1,5,5,False,2007
15,Todd Herzog,ENFP,16,39,5,0,4,8,True,2007
14,Jessica deBen,INFJ,1,3,6,0,0,0,False,2007
14,Erica Durousseau,ESFP,2,6,6,0,0,0,False,2007
14,Sylvia Kwan,ISTJ,3,8,6,0,0,0,False,2007
14,Gary Stritesky,ISFJ,4,10,0,0,4,4,False,2007
14,Liliana Gomez,ISTJ,5,11,6,0,4,5,False,2007
14,Rita Verreos,ISFJ,6,14,6,0,1,0,False,2007
14,Anthony Robinson,INFP,7,16,10,0,1,0,False,2007
14,James Reid,ESTP,8,19,5,0,1,1,False,2007
14,Lisette Linares,ESFP,9,21,7,0,5,7,False,2007
14,Michelle Yi,ENFP,10,24,3,0,4,1,False,2007
14,Edgardo Rivera,ESTP,11,27,5,0,5,8,False,2007
14,Mookie Lee,ESFP,12,30,6,0,1,1,False,2007
14,Alex Angarita,ENTJ,13,33,9,0,5,8,False,2007
14,Stacy Kimball,INTJ,14,36,4,1,9,9,False,2007
14,Kenward Bernis,ISTP,15,37,5,3,11,11,False,2007
14,Yau-Man Chan,INTP,16,38,10,0,4,3,False,2007
14,Andria Herd,ESFP,17,39,2,1,6,10,False,2007
14,Cassandra Franklin,ISFJ,18,39,5,0,8,8,False,2007
14,Earl Cole,INFJ,19,39,1,0,4,2,True,2007
13,Sekou Bunch,ESFJ,1,3,3,0,0,0,False,2006
13,Virgilio Garcia,INFJ,2,6,4,0,0,0,False,2006
13,Cecilia Mansilla,ISTJ,3,8,5,0,0,0,False,2006
13,John Calderon,ESFP,4,11,7,0,1,0,False,2006
13,Stephannie Favor,ISFJ,5,14,9,0,1,1,False,2006
13,Anh-Tuan Bui,ENFP,6,15,12,0,4,5,False,2006
13,Cristina Coria,ISFJ,7,15,9,0,1,1,False,2006
13,Jessica Smith,ENFP,8,18,6,0,2,4,False,2006
13,Brad Virata,INFJ,9,21,7,0,4,3,False,2006
13,Rebecca Borman,ISFJ,10,24,12,0,2,1,False,2006
13,Jenny Guzon-Bae,ISTJ,11,24,12,0,4,3,False,2006
13,Nathan Gonzalez,ESTP,12,27,5,1,3,2,False,2006
13,Candice Woodcock,ISTJ,13,30,7,0,2,4,False,2006
13,Jonathan Penner,ENTP,14,33,19,0,2,4,False,2006
13,Parvati Shallow,ENFJ,15,36,4,0,2,3,False,2006
13,Adam Gentry,ESTP,16,37,5,1,3,2,False,2006
13,Sundra Oakley,INFP,17,38,6,0,7,8,False,2006
13,Rebekah Lee,INTP,18,39,5,0,9,9,False,2006
13,Oscar Lusth,ISFP,19,39,1,5,12,8,False,2006
13,Yul Kwon,INTJ,20,39,5,0,9,10,True,2006
12,Tina Scheer,ESTP,1,3,3,0,0,1,False,2006
12,Melinda Hyder,ESFJ,2,6,5,0,0,1,False,2006
12,Misty Giles,INTP,3,8,5,0,2,2,False,2006
12,Ruth Marie Milliman,ISFJ,4,11,6,0,1,3,False,2006
12,Bobby Mason,ISTP,5,14,3,0,3,3,False,2006
12,Dan Barry,ISFJ,6,15,3,0,3,3,False,2006
12,Nick Stanbury,ISFP,7,18,6,0,3,3,False,2006
12,Austin Carty,INFP,8,21,7,0,3,3,False,2006
12,Sally Schumann,INFP,9,24,8,0,3,4,False,2006
12,Bruce Kanegai,INFP,10,25,2,0,4,6,False,2006
12,Courtney Marit,ENFP,11,30,4,0,4,5,False,2006
12,Shane Powers,ESFP,12,33,9,0,4,5,False,2006
12,Cirie Fields,ENFJ,13,36,3,0,3,5,False,2006
12,Terry Deitz,ESTJ,14,38,1,5,8,7,False,2006
12,Danielle DiLorenzo,ESFP,15,39,4,1,5,5,False,2006
12,Aras Baskauskas,INFP,16,39,9,0,4,6,True,2006
11,Jim Lynch,ISTJ,1,3,8,0,0,1,False,2005
11,Morgan McDevitt,INFP,2,6,8,0,1,0,False,2005
11,Brianna Varela,ENFP,3,8,7,0,1,0,False,2005
11,Brooke Struck,ISTJ,4,11,5,0,2,3,False,2005
11,Blake Towsley,ESTP,5,14,5,0,3,4,False,2005
11,Margaret Bobonich,ESFJ,6,15,13,0,3,5,False,2005
11,Brian Corridan,ENTP,7,15,12,0,2,1,False,2005
11,Amy O'Hara,ESTP,8,18,4,0,2,2,False,2005
11,Brandon Bellinger,ISTP,9,21,6,0,3,5,False,2005
11,Bobby Jon Drinkard,ISTP,10,24,0,0,3,5,False,2005
11,Jamie Newton,ISTP,11,27,10,1,4,2,False,2005
11,Gary Hogeboom,INFJ,12,30,8,2,4,3,False,2005
11,Judd Sergeant,ESTP,13,33,6,0,4,7,False,2005
11,Cindy Hall,ISFP,14,36,6,0,4,7,False,2005
11,Lydia Morales,ISFJ,15,37,10,0,3,2,False,2005
11,Rafe Judkins,INFP,16,38,2,4,7,3,False,2005
11,Stephenie LaGrossa,ESTJ,17,39,2,1,4,5,False,2005
11,Danni Boatwright,ENFJ,18,39,1,2,5,6,True,2005
10,Jolanda Jones,ESTJ,3,3,6,1,1,0,False,2005
10,Ashlee Ashby,ISFJ,4,6,6,0,0,1,False,2005
10,Jeff Wilson,ESFP,5,8,5,0,0,2,False,2005
10,Kimberly Mullen,INTJ,6,11,8,0,0,2,False,2005
10,Willard Smith,INTP,7,12,16,0,4,4,False,2005
10,Angie Jakusz,INFP,8,12,13,0,0,2,False,2005
10,James Miller,ESTP,9,15,8,0,0,3,False,2005
10,Ibrehem Rahman,ISTJ,10,18,4,1,1,3,False,2005
10,Bobby Jon Drinkard,ISTP,11,21,0,0,0,3,False,2005
10,Coby Archa,ENFP,12,24,7,0,7,6,False,2005
10,Janu Tornell,INFP,13,27,1,0,7,7,False,2005
10,Stephenie LaGrossa,ESTJ,14,30,8,0,0,3,False,2005
10,Gregg Carey,INTP,15,33,4,0,7,8,False,2005
10,Caryn Groedel,ISTJ,16,36,7,0,7,7,False,2005
10,Jennifer Lyon,ISFP,17,37,3,0,7,7,False,2005
10,Ian Rosenberger,ESFP,18,38,5,3,10,7,False,2005
10,Katie Gallagher,ESFP,19,39,2,0,7,7,False,2005
10,Tom Westman,ESTJ,20,39,0,5,12,8,True,2005
9,Brook Geraghty,INTP,1,3,5,0,0,0,False,2004
9,Dolly Neely,ISFP,2,6,5,0,1,2,False,2004
9,John Palyok,ESTP,3,7,5,0,1,2,False,2004
9,Mia Galeotalanza,ESFP,4,7,5,0,1,2,False,2004
9,Brady Finta,ISTJ,5,10,6,0,1,2,False,2004
9,Travis Sampson,ISFP,6,12,6,0,1,2,False,2004
9,Lisa Keiffer,ESFJ,7,15,4,0,2,3,False,2004
9,John Kenney,ESFP,8,18,5,1,4,4,False,2004
9,Rory Freeman,INTP,9,21,14,0,2,3,False,2004
9,Lea Masters,ESFJ,10,24,7,1,4,4,False,2004
9,James Crittenden,ESTP,11,27,7,0,3,5,False,2004
9,Leann Slaby,INFJ,12,30,8,0,3,5,False,2004
9,Ami Cusack,ENTJ,13,33,8,3,6,6,False,2004
9,Julie Berry,INFP,14,36,4,0,4,7,False,2004
9,Eliza Orlins,ENTJ,15,37,9,1,4,7,False,2004
9,Scout Cloud Lee,INFJ,16,38,3,0,3,4,False,2004
9,Twila Tanner,ISTJ,17,39,6,1,5,5,False,2004
9,Chris Daugherty,ENTP,18,39,3,3,6,7,True,2004
8,Tina Wesson,ESFJ,1,3,4,0,0,0,False,2004
8,Rudy Boesch,ISTJ,2,6,3,0,0,1,False,2004
8,Jenna Morasca,ISTP,3,9,0,0,2,1,False,2004
8,Rob Cesternino,ENTP,4,12,5,0,2,2,False,2004
8,Richard Hatch,ENTP,5,15,6,0,3,2,False,2004
8,Susan Hawk,ESTP,6,17,0,0,3,3,False,2004
8,Colby Donaldson,ISTP,7,19,4,0,3,3,False,2004
8,Ethan Zohn,ISFP,8,21,6,0,1,4,False,2004
8,Jerri Manthey,ESFP,9,24,7,0,1,4,False,2004
8,Lex van den Berghe,ENTJ,10,27,7,0,3,3,False,2004
8,Kathy Vavrick-O'Brien,ESFJ,11,28,6,1,4,3,False,2004
8,Alicia Calaway,ESTJ,12,30,7,0,6,6,False,2004
8,Shii Ann Huang,INTJ,13,33,5,1,4,4,False,2004
8,Tom Buchanan,ESTP,14,36,4,1,7,6,False,2004
8,Rupert Boneham,ESFJ,15,37,4,0,5,8,False,2004
8,Jenna Lewis,ENFP,16,38,0,0,5,6,False,2004
8,Rob Mariano,ESTJ,17,39,0,4,10,8,False,2004
8,Amber Brkich,ISFP,18,39,6,1,6,8,True,2004
7,Nicole Delma,INTP,1,3,7,0,0,0,False,2003
7,Ryan Shoulders,INFP,2,6,0,0,0,0,False,2003
7,Lillian Morris,INFP,3,9,10,1,1,3,False,2003
7,Burton Roberts,ISTJ,4,12,10,2,2,1,False,2003
7,Michelle Tesauro,ENFP,5,15,6,0,0,0,False,2003
7,Trish Dunn,ENFJ,6,18,4,0,0,0,False,2003
7,Shawn Cohen,ESTP,7,19,5,0,3,4,False,2003
7,Osten Taylor,ESFP,8,19,2,0,3,1,False,2003
7,Andrew Savage,ESTJ,9,21,6,0,3,1,False,2003
7,Ryan Opray,ISFJ,10,24,0,0,3,1,False,2003
7,Rupert Boneham,ESFJ,11,27,7,2,5,4,False,2003
7,Tijuana Bradley,ESFP,12,30,5,0,3,1,False,2003
7,Christa Hastie,ESFP,13,33,7,0,3,4,False,2003
7,Burton Roberts,ISTJ,14,36,10,2,2,1,False,2003
7,Darrah Johnson,ISTP,15,37,6,3,6,2,False,2003
7,Jon Dalton,ENTP,16,38,7,0,3,7,False,2003
7,Lillian Morris,INFP,17,39,10,1,1,3,False,2003
7,Sandra Diaz-Twine,ESTP,18,39,0,0,3,4,True,2003
6,Ryan Aiken,ESFP,1,3,4,0,0,0,False,2003
6,Janet Koth,ISFJ,2,6,5,0,1,1,False,2003
6,Daniel Lue,INFP,3,9,7,0,1,0,False,2003
6,JoAnna Ward,ISTJ,4,12,4,0,2,2,False,2003
6,Jeanne Hebert,ISTJ,5,15,5,0,2,2,False,2003
6,Shawna Mitchell,ENFP,6,18,6,0,3,2,False,2003
6,Roger Sexton,ISTJ,7,21,11,0,3,2,False,2003
6,Dave Johnson,ISTJ,8,24,8,0,3,3,False,2003
6,Deena Bennett,ENTJ,9,27,6,1,4,3,False,2003
6,Alex Bell,ENFJ,10,30,6,0,3,2,False,2003
6,Christy Smith,INFP,11,33,9,0,3,4,False,2003
6,Heidi Strobel,ENTJ,12,36,3,0,3,4,False,2003
6,Butch Lockley,ISFJ,13,37,5,0,3,3,False,2003
6,Rob Cesternino,ENTP,14,38,4,1,4,3,False,2003
6,Matthew von Ertfelda,INTP,15,39,6,2,5,2,False,2003
6,Jenna Morasca,ISTP,16,39,3,3,6,4,True,2003
5,John Raymond,ENFP,1,3,6,0,0,0,False,2002
5,Tanya Vance,ESTJ,2,6,5,0,0,0,False,2002
5,Jed Hildebrand,ISFP,3,9,5,0,2,1,False,2002
5,Ghandia Johnson,ESFP,4,12,5,0,1,1,False,2002
5,Stephanie Dill,ISTJ,5,15,5,0,3,2,False,2002
5,Robert Zbacnik,ESFP,6,18,5,0,3,3,False,2002
5,Shii Ann Huang,INTJ,7,21,10,0,3,3,False,2002
5,Erin Collins,ESFP,8,24,3,0,3,3,False,2002
5,Ken Stafford,ESTJ,9,27,6,0,3,3,False,2002
5,Penny Ramsey,ESFJ,10,30,5,0,3,3,False,2002
5,Jake Billingsley,ISFJ,11,33,7,0,3,3,False,2002
5,Ted Rogers Jr.,ESTP,12,36,7,1,6,2,False,2002
5,Helen Glover,ISTJ,13,37,5,1,6,3,False,2002
5,Jan Gentry,ENFP,14,38,5,0,5,1,False,2002
5,Clay Jordan,ESTP,15,39,3,1,6,2,False,2002
5,Brian Heidik,ISTP,16,39,0,3,8,3,True,2002
4,Peter Harkey,ENFP,1,3,5,0,0,0,False,2002
4,Patricia Jackson,ISFJ,2,6,5,0,0,0,False,2002
4,Hunter Ellis,ESTJ,3,9,4,0,0,0,False,2002
4,Sarah Jones,ISFP,4,12,11,0,0,0,False,2002
4,Gabriel Cade,INFP,5,15,7,0,4,2,False,2002
4,Gina Crews,ISFJ,6,18,3,0,1,2,False,2002
4,Rob Mariano,ESTJ,7,21,8,0,2,0,False,2002
4,John Carroll,ENTJ,8,24,8,0,5,2,False,2002
4,Zoe Zanidakis,ISTJ,9,27,8,0,5,2,False,2002
4,Tammy Leitner,ENFJ,10,30,5,2,7,2,False,2002
4,Robert DeCanio,ISTJ,11,33,6,1,6,2,False,2002
4,Sean Rector,ENTP,12,36,7,0,2,2,False,2002
4,Paschal English,ISFJ,13,37,0,0,4,6,False,2002
4,Kathy Vavrick-O'Brien,ESFJ,14,38,5,2,6,6,False,2002
4,Neleh Dennis,ENFP,15,39,4,1,5,5,False,2002
4,Vecepia Towery,ISTJ,16,39,2,2,4,0,True,2002
3,Diane Ogden,ESTP,1,3,6,0,0,0,False,2001
3,Jessie Camacho,ISFP,2,6,5,0,0,0,False,2001
3,Carl Bilancione,ESTJ,3,9,7,0,2,2,False,2001
3,Linda Spencer,ESFJ,4,12,4,0,2,3,False,2001
3,Silas Gaither,ESTJ,5,15,8,0,2,4,False,2001
3,Lindsey Richter,ESFP,6,18,12,0,3,4,False,2001
3,Clarence Black,ISTP,7,21,12,0,3,2,False,2001
3,Kelly Goldsmith,ENTP,8,24,5,0,3,2,False,2001
3,Brandon Quinton,ENFP,9,27,6,0,3,5,False,2001
3,Frank Garrison,ISTJ,10,30,9,0,3,5,False,2001
3,Kim Powers,INFP,11,33,4,0,3,4,False,2001
3,Teresa Cooper,ENFP,12,36,4,1,4,4,False,2001
3,Tom Buchanan,ESTP,13,37,9,1,4,3,False,2001
3,Lex van den Berghe,ENTJ,14,38,10,3,6,5,False,2001
3,Kim Johnson,ISFJ,15,39,0,2,5,2,False,2001
3,Ethan Zohn,ISFP,16,39,0,1,4,2,True,2001
2,Debb Eaton,ISFP,1,3,7,0,0,0,False,2001
2,Kel Gleason,ISTJ,2,6,7,0,1,2,False,2001
2,Maralyn Hershey,ESTP,3,9,5,0,1,3,False,2001
2,Mitchell Olson,ENFP,4,12,6,0,1,3,False,2001
2,Kimmi Kappenberg,ENFP,5,15,6,0,3,2,False,2001
2,Michael Skupin,ESFJ,6,17,0,0,3,3,False,2001
2,Jeff Varner,ENFP,7,21,11,0,3,3,False,2001
2,Alicia Calaway,ESTJ,8,24,5,0,3,3,False,2001
2,Jerri Manthey,ESFP,9,27,12,0,2,5,False,2001
2,Nick Brown,ISTJ,10,30,4,1,4,3,False,2001
2,Amber Brkich,ISFP,11,33,6,0,2,4,False,2001
2,Rodger Bingham,ISFJ,12,36,5,0,3,3,False,2001
2,Elisabeth Filarski,INFP,13,39,5,0,3,3,False,2001
2,Keith Famie,ESTJ,14,41,10,2,4,3,False,2001
2,Colby Donaldson,ISTP,15,39,9,5,7,6,False,2001
2,Tina Wesson,ESFJ,16,39,0,0,2,4,True,2001
1,Sonja Christopher,ENFP,1,3,4,0,0,0,False,2000
1,B.B. Anderson,ESTJ,2,6,6,0,1,2,False,2000
1,Stacey Stillman,ENTJ,3,9,6,0,1,1,False,2000
1,Ramona Gray,ISTJ,4,12,6,0,2,2,False,2000
1,Dirk Been,ISFP,5,15,4,0,2,2,False,2000
1,Joel Klug,ESTJ,6,18,4,0,3,4,False,2000
1,Gretchen Cordy,ESFJ,7,21,4,0,3,4,False,2000
1,Greg Buis,INTP,8,24,6,1,4,5,False,2000
1,Jenna Lewis,ENFP,9,27,11,0,3,5,False,2000
1,Gervase Peterson,ESTP,10,30,6,1,4,5,False,2000
1,Colleen Haskell,INFP,11,33,7,0,3,5,False,2000
1,Sean Kenniff,INTP,12,36,9,0,3,3,False,2000
1,Susan Hawk,ESTP,13,37,7,0,3,2,False,2000
1,Rudy Boesch,ISTJ,14,38,8,1,4,2,False,2000
1,Kelly Wiglesworth,ISFP,15,39,0,4,7,3,False,2000
1,Richard Hatch,ENTP,16,39,6,1,4,3,True,2000
